<?xml version="1.0" encoding="utf-8" ?>
<dwsync>
<file name="backend.inc" server="sftp.itd.umich.edu//afs/umich.edu/user/m/r/mrschlei/" local="131291353448454629" remote="131291354230000000" Dst="1" />
<file name="batch.inc" server="sftp.itd.umich.edu//afs/umich.edu/user/m/r/mrschlei/" local="131291353448694653" remote="131291354230000000" Dst="1" />
<file name="bootstrap.inc" server="sftp.itd.umich.edu//afs/umich.edu/user/m/r/mrschlei/" local="131291353449444728" remote="131291354230000000" Dst="1" />
<file name="cache.inc" server="sftp.itd.umich.edu//afs/umich.edu/user/m/r/mrschlei/" local="131291353449854769" remote="131291354230000000" Dst="1" />
<file name="command.inc" server="sftp.itd.umich.edu//afs/umich.edu/user/m/r/mrschlei/" local="131291353450484832" remote="131291354230000000" Dst="1" />
<file name="complete.inc" server="sftp.itd.umich.edu//afs/umich.edu/user/m/r/mrschlei/" local="131291353450854869" remote="131291354230000000" Dst="1" />
<file name="context.inc" server="sftp.itd.umich.edu//afs/umich.edu/user/m/r/mrschlei/" local="131291353451334917" remote="131291354230000000" Dst="1" />
<file name="dbtng.inc" server="sftp.itd.umich.edu//afs/umich.edu/user/m/r/mrschlei/" local="131291353451914975" remote="131291354230000000" Dst="1" />
<file name="drupal.inc" server="sftp.itd.umich.edu//afs/umich.edu/user/m/r/mrschlei/" local="131291353452255009" remote="131291318230000000" Dst="2" />
<file name="drush.inc" server="sftp.itd.umich.edu//afs/umich.edu/user/m/r/mrschlei/" local="131291353452845068" remote="131291318230000000" Dst="2" />
<file name="engines.inc" server="sftp.itd.umich.edu//afs/umich.edu/user/m/r/mrschlei/" local="131291353453235107" remote="131291354230000000" Dst="1" />
<file name="environment.inc" server="sftp.itd.umich.edu//afs/umich.edu/user/m/r/mrschlei/" local="131291353453655149" remote="131291354230000000" Dst="1" />
<file name="exec.inc" server="sftp.itd.umich.edu//afs/umich.edu/user/m/r/mrschlei/" local="131291353454135197" remote="131291354230000000" Dst="1" />
<file name="filesystem.inc" server="sftp.itd.umich.edu//afs/umich.edu/user/m/r/mrschlei/" local="131291353454535237" remote="131291354230000000" Dst="1" />
<file name="output.inc" server="sftp.itd.umich.edu//afs/umich.edu/user/m/r/mrschlei/" local="131291353454935277" remote="131291354230000000" Dst="1" />
<file name="sitealias.inc" server="sftp.itd.umich.edu//afs/umich.edu/user/m/r/mrschlei/" local="131291353455465330" remote="131291354230000000" Dst="1" />
</dwsync>