<?xml version="1.0" encoding="utf-8" ?>
<dwsync>
<file name="batch.inc" server="sftp.itd.umich.edu//afs/umich.edu/user/m/r/mrschlei/" local="131291353427632547" remote="131291354150000000" Dst="1" />
<file name="batch_6.inc" server="sftp.itd.umich.edu//afs/umich.edu/user/m/r/mrschlei/" local="131291353428042588" remote="131291354150000000" Dst="1" />
<file name="environment.inc" server="sftp.itd.umich.edu//afs/umich.edu/user/m/r/mrschlei/" local="131291353428322616" remote="131291354150000000" Dst="1" />
<file name="environment_6.inc" server="sftp.itd.umich.edu//afs/umich.edu/user/m/r/mrschlei/" local="131291353428672651" remote="131291354150000000" Dst="1" />
<file name="environment_7.inc" server="sftp.itd.umich.edu//afs/umich.edu/user/m/r/mrschlei/" local="131291353428952679" remote="131291354150000000" Dst="1" />
<file name="site_install.inc" server="sftp.itd.umich.edu//afs/umich.edu/user/m/r/mrschlei/" local="131291353429172701" remote="131291354150000000" Dst="1" />
<file name="site_install_6.inc" server="sftp.itd.umich.edu//afs/umich.edu/user/m/r/mrschlei/" local="131291353429432727" remote="131291354150000000" Dst="1" />
<file name="update.inc" server="sftp.itd.umich.edu//afs/umich.edu/user/m/r/mrschlei/" local="131291353429842768" remote="131291354150000000" Dst="1" />
<file name="update_6.inc" server="sftp.itd.umich.edu//afs/umich.edu/user/m/r/mrschlei/" local="131291353430232807" remote="131291354150000000" Dst="1" />
<file name="update_7.inc" server="sftp.itd.umich.edu//afs/umich.edu/user/m/r/mrschlei/" local="131291353430622846" remote="131291354150000000" Dst="1" />
</dwsync>