<?xml version="1.0" encoding="utf-8" ?>
<dwsync>
<file name="csv_or_string.inc" server="sftp.itd.umich.edu//afs/umich.edu/user/m/r/mrschlei/" local="131291353430842868" remote="131291354160000000" Dst="1" />
<file name="json.inc" server="sftp.itd.umich.edu//afs/umich.edu/user/m/r/mrschlei/" local="131291353431032887" remote="131291354160000000" Dst="1" />
<file name="key_value.inc" server="sftp.itd.umich.edu//afs/umich.edu/user/m/r/mrschlei/" local="131291353431212905" remote="131291354160000000" Dst="1" />
<file name="list.inc" server="sftp.itd.umich.edu//afs/umich.edu/user/m/r/mrschlei/" local="131291353431452929" remote="131291318160000000" Dst="2" />
<file name="message.inc" server="sftp.itd.umich.edu//afs/umich.edu/user/m/r/mrschlei/" local="131291353431642948" remote="131291354160000000" Dst="1" />
<file name="php.inc" server="sftp.itd.umich.edu//afs/umich.edu/user/m/r/mrschlei/" local="131291353431802964" remote="131291354160000000" Dst="1" />
<file name="print_r.inc" server="sftp.itd.umich.edu//afs/umich.edu/user/m/r/mrschlei/" local="131291353431992983" remote="131291354160000000" Dst="1" />
<file name="string.inc" server="sftp.itd.umich.edu//afs/umich.edu/user/m/r/mrschlei/" local="131291353432163000" remote="131291354160000000" Dst="1" />
<file name="table.inc" server="sftp.itd.umich.edu//afs/umich.edu/user/m/r/mrschlei/" local="131291353432353019" remote="131291354160000000" Dst="1" />
<file name="variables.inc" server="sftp.itd.umich.edu//afs/umich.edu/user/m/r/mrschlei/" local="131291353432743058" remote="131291354160000000" Dst="1" />
<file name="var_export.inc" server="sftp.itd.umich.edu//afs/umich.edu/user/m/r/mrschlei/" local="131291353432553039" remote="131291354160000000" Dst="1" />
<file name="yaml.inc" server="sftp.itd.umich.edu//afs/umich.edu/user/m/r/mrschlei/" local="131291353432993083" remote="131291354160000000" Dst="1" />
</dwsync>