<?xml version="1.0" encoding="utf-8" ?>
<dwsync>
<file name=".gitignore" server="sftp.itd.umich.edu//afs/umich.edu/user/m/r/mrschlei/" local="131291353455755359" remote="131291354240000000" Dst="1" />
<file name="CHANGELOG.md" server="sftp.itd.umich.edu//afs/umich.edu/user/m/r/mrschlei/" local="131291353455905374" remote="131291354240000000" Dst="1" />
<file name="composer.json" server="sftp.itd.umich.edu//afs/umich.edu/user/m/r/mrschlei/" local="131291353458455629" remote="131291354240000000" Dst="1" />
<file name="Dumper.php" server="sftp.itd.umich.edu//afs/umich.edu/user/m/r/mrschlei/" local="131291353456205404" remote="131291354240000000" Dst="1" />
<file name="Escaper.php" server="sftp.itd.umich.edu//afs/umich.edu/user/m/r/mrschlei/" local="131291353456535437" remote="131291354240000000" Dst="1" />
<file name="Inline.php" server="sftp.itd.umich.edu//afs/umich.edu/user/m/r/mrschlei/" local="131291353456865470" remote="131291354250000000" Dst="1" />
<file name="LICENSE" server="sftp.itd.umich.edu//afs/umich.edu/user/m/r/mrschlei/" local="131291353457035487" remote="131291354250000000" Dst="1" />
<file name="Parser.php" server="sftp.itd.umich.edu//afs/umich.edu/user/m/r/mrschlei/" local="131291353457545538" remote="131291354250000000" Dst="1" />
<file name="phpunit.xml.dist" server="sftp.itd.umich.edu//afs/umich.edu/user/m/r/mrschlei/" local="131291353458595643" remote="131291354250000000" Dst="1" />
<file name="README.md" server="sftp.itd.umich.edu//afs/umich.edu/user/m/r/mrschlei/" local="131291353457705554" remote="131291354250000000" Dst="1" />
<file name="Unescaper.php" server="sftp.itd.umich.edu//afs/umich.edu/user/m/r/mrschlei/" local="131291353458065590" remote="131291354260000000" Dst="1" />
<file name="Yaml.php" server="sftp.itd.umich.edu//afs/umich.edu/user/m/r/mrschlei/" local="131291353458305614" remote="131291354260000000" Dst="1" />
</dwsync>