<?xml version="1.0" encoding="utf-8" ?>
<dwsync>
<file name=".gitignore" server="sftp.itd.umich.edu//afs/umich.edu/user/m/r/mrschlei/" local="131291353495949378" remote="131291354140000000" Dst="1" />
<file name=".travis.yml" server="sftp.itd.umich.edu//afs/umich.edu/user/m/r/mrschlei/" local="131291353496129396" remote="131291354140000000" Dst="1" />
<file name="composer.json" server="sftp.itd.umich.edu//afs/umich.edu/user/m/r/mrschlei/" local="131291353496259409" remote="131291354210000000" Dst="1" />
<file name="CONTRIBUTING.md" server="sftp.itd.umich.edu//afs/umich.edu/user/m/r/mrschlei/" local="131291353496409424" remote="131291354210000000" Dst="1" />
<file name="drush" server="sftp.itd.umich.edu//afs/umich.edu/user/m/r/mrschlei/" local="131291353496539437" remote="131291354220000000" Dst="1" />
<file name="drush.bat" server="sftp.itd.umich.edu//afs/umich.edu/user/m/r/mrschlei/" local="131291353496699453" remote="131291354220000000" Dst="1" />
<file name="drush.complete.sh" server="sftp.itd.umich.edu//afs/umich.edu/user/m/r/mrschlei/" local="131291353496829466" remote="131291354220000000" Dst="1" />
<file name="drush.info" server="sftp.itd.umich.edu//afs/umich.edu/user/m/r/mrschlei/" local="131291353414781262" remote="131291354220000000" Dst="1" />
<file name="drush.php" server="sftp.itd.umich.edu//afs/umich.edu/user/m/r/mrschlei/" local="131291353415051289" remote="131291354220000000" Dst="1" />
<file name="drush_logo-black.png" server="sftp.itd.umich.edu//afs/umich.edu/user/m/r/mrschlei/" local="131291353415181302" remote="131291354220000000" Dst="1" />
<file name="README.md" server="sftp.itd.umich.edu//afs/umich.edu/user/m/r/mrschlei/" local="131291353415391323" remote="131291354280000000" Dst="1" />
</dwsync>