<?xml version="1.0" encoding="utf-8" ?>
<dwsync>
<file name="archive.drush.inc" server="sftp.itd.umich.edu//afs/umich.edu/user/m/r/mrschlei/" local="131291353419691753" remote="131291354150000000" Dst="1" />
<file name="cache.drush.inc" server="sftp.itd.umich.edu//afs/umich.edu/user/m/r/mrschlei/" local="131291353420011785" remote="131291354150000000" Dst="1" />
<file name="core.drush.inc" server="sftp.itd.umich.edu//afs/umich.edu/user/m/r/mrschlei/" local="131291353420781862" remote="131291354150000000" Dst="1" />
<file name="docs.drush.inc" server="sftp.itd.umich.edu//afs/umich.edu/user/m/r/mrschlei/" local="131291353421101894" remote="131291354150000000" Dst="1" />
<file name="druplicon.drush.inc" server="sftp.itd.umich.edu//afs/umich.edu/user/m/r/mrschlei/" local="131291353421271911" remote="131291354150000000" Dst="1" />
<file name="field.drush.inc" server="sftp.itd.umich.edu//afs/umich.edu/user/m/r/mrschlei/" local="131291353421581942" remote="131291354150000000" Dst="1" />
<file name="help.drush.inc" server="sftp.itd.umich.edu//afs/umich.edu/user/m/r/mrschlei/" local="131291353421901974" remote="131291354150000000" Dst="1" />
<file name="image.drush.inc" server="sftp.itd.umich.edu//afs/umich.edu/user/m/r/mrschlei/" local="131291353422081992" remote="131291354150000000" Dst="1" />
<file name="notify.drush.inc" server="sftp.itd.umich.edu//afs/umich.edu/user/m/r/mrschlei/" local="131291353422282012" remote="131291354150000000" Dst="1" />
<file name="outputformat.drush.inc" server="sftp.itd.umich.edu//afs/umich.edu/user/m/r/mrschlei/" local="131291353422682052" remote="131291354170000000" Dst="1" />
<file name="queue.drush.inc" server="sftp.itd.umich.edu//afs/umich.edu/user/m/r/mrschlei/" local="131291353422882072" remote="131291354170000000" Dst="1" />
<file name="role.drush.inc" server="sftp.itd.umich.edu//afs/umich.edu/user/m/r/mrschlei/" local="131291353423092093" remote="131291354170000000" Dst="1" />
<file name="rsync.core.inc" server="sftp.itd.umich.edu//afs/umich.edu/user/m/r/mrschlei/" local="131291353423462130" remote="131291354170000000" Dst="1" />
<file name="scratch.php" server="sftp.itd.umich.edu//afs/umich.edu/user/m/r/mrschlei/" local="131291353423772161" remote="131291354170000000" Dst="1" />
<file name="search.drush.inc" server="sftp.itd.umich.edu//afs/umich.edu/user/m/r/mrschlei/" local="131291353423982182" remote="131291354170000000" Dst="1" />
<file name="shellalias.drush.inc" server="sftp.itd.umich.edu//afs/umich.edu/user/m/r/mrschlei/" local="131291353424152199" remote="131291354170000000" Dst="1" />
<file name="sitealias.drush.inc" server="sftp.itd.umich.edu//afs/umich.edu/user/m/r/mrschlei/" local="131291353424722256" remote="131291354170000000" Dst="1" />
<file name="site_install.drush.inc" server="sftp.itd.umich.edu//afs/umich.edu/user/m/r/mrschlei/" local="131291353424332217" remote="131291354170000000" Dst="1" />
<file name="ssh.drush.inc" server="sftp.itd.umich.edu//afs/umich.edu/user/m/r/mrschlei/" local="131291353425062290" remote="131291354170000000" Dst="1" />
<file name="test.drush.inc" server="sftp.itd.umich.edu//afs/umich.edu/user/m/r/mrschlei/" local="131291353425442328" remote="131291354170000000" Dst="1" />
<file name="topic.drush.inc" server="sftp.itd.umich.edu//afs/umich.edu/user/m/r/mrschlei/" local="131291353425722356" remote="131291354170000000" Dst="1" />
<file name="usage.drush.inc" server="sftp.itd.umich.edu//afs/umich.edu/user/m/r/mrschlei/" local="131291353425992383" remote="131291354170000000" Dst="1" />
<file name="variable.drush.inc" server="sftp.itd.umich.edu//afs/umich.edu/user/m/r/mrschlei/" local="131291353426332417" remote="131291354170000000" Dst="1" />
<file name="watchdog.drush.inc" server="sftp.itd.umich.edu//afs/umich.edu/user/m/r/mrschlei/" local="131291353426792463" remote="131291354170000000" Dst="1" />
</dwsync>