<?xml version="1.0" encoding="utf-8" ?>
<dwsync>
<file name="example.aliases.drushrc.php" server="sftp.itd.umich.edu//afs/umich.edu/user/m/r/mrschlei/" local="131291353444964280" remote="131291354220000000" Dst="1" />
<file name="example.bashrc" server="sftp.itd.umich.edu//afs/umich.edu/user/m/r/mrschlei/" local="131291353445134297" remote="131291354220000000" Dst="1" />
<file name="example.drush.ini" server="sftp.itd.umich.edu//afs/umich.edu/user/m/r/mrschlei/" local="131291353445294313" remote="131291354220000000" Dst="1" />
<file name="example.drushrc.php" server="sftp.itd.umich.edu//afs/umich.edu/user/m/r/mrschlei/" local="131291353445704354" remote="131291354220000000" Dst="1" />
<file name="example.make" server="sftp.itd.umich.edu//afs/umich.edu/user/m/r/mrschlei/" local="131291353445894373" remote="131291354220000000" Dst="1" />
<file name="helloworld.script" server="sftp.itd.umich.edu//afs/umich.edu/user/m/r/mrschlei/" local="131291353446034387" remote="131291354220000000" Dst="1" />
<file name="policy.drush.inc" server="sftp.itd.umich.edu//afs/umich.edu/user/m/r/mrschlei/" local="131291353446334417" remote="131291354220000000" Dst="1" />
<file name="sandwich-nocolor.txt" server="sftp.itd.umich.edu//afs/umich.edu/user/m/r/mrschlei/" local="131291353446504434" remote="131291354220000000" Dst="1" />
<file name="sandwich-topic.txt" server="sftp.itd.umich.edu//afs/umich.edu/user/m/r/mrschlei/" local="131291353446654449" remote="131291354220000000" Dst="1" />
<file name="sandwich.drush.inc" server="sftp.itd.umich.edu//afs/umich.edu/user/m/r/mrschlei/" local="131291353447014485" remote="131291354220000000" Dst="1" />
<file name="sandwich.txt" server="sftp.itd.umich.edu//afs/umich.edu/user/m/r/mrschlei/" local="131291353447184502" remote="131291354220000000" Dst="1" />
<file name="sync_enable.drush.inc" server="sftp.itd.umich.edu//afs/umich.edu/user/m/r/mrschlei/" local="131291353447394523" remote="131291354220000000" Dst="1" />
<file name="sync_via_http.drush.inc" server="sftp.itd.umich.edu//afs/umich.edu/user/m/r/mrschlei/" local="131291353447624546" remote="131291354220000000" Dst="1" />
<file name="xkcd.drush.inc" server="sftp.itd.umich.edu//afs/umich.edu/user/m/r/mrschlei/" local="131291353447894573" remote="131291354220000000" Dst="1" />
</dwsync>