<?xml version="1.0" encoding="utf-8" ?>
<dwsync>
<file name="bastion.html" server="sftp.itd.umich.edu//afs/umich.edu/user/m/r/mrschlei/" local="131291353442093993" remote="131291354210000000" Dst="1" />
<file name="bootstrap.html" server="sftp.itd.umich.edu//afs/umich.edu/user/m/r/mrschlei/" local="131291353442354019" remote="131291354210000000" Dst="1" />
<file name="commands.html" server="sftp.itd.umich.edu//afs/umich.edu/user/m/r/mrschlei/" local="131291353442594043" remote="131291354210000000" Dst="1" />
<file name="context.html" server="sftp.itd.umich.edu//afs/umich.edu/user/m/r/mrschlei/" local="131291353442814065" remote="131291354210000000" Dst="1" />
<file name="cron.html" server="sftp.itd.umich.edu//afs/umich.edu/user/m/r/mrschlei/" local="131291353443024086" remote="131291354210000000" Dst="1" />
<file name="drush.api.php" server="sftp.itd.umich.edu//afs/umich.edu/user/m/r/mrschlei/" local="131291353443424126" remote="131291354210000000" Dst="1" />
<file name="make.txt" server="sftp.itd.umich.edu//afs/umich.edu/user/m/r/mrschlei/" local="131291353443834167" remote="131291354210000000" Dst="1" />
<file name="output-formats.html" server="sftp.itd.umich.edu//afs/umich.edu/user/m/r/mrschlei/" local="131291353444024186" remote="131291354210000000" Dst="1" />
<file name="shellaliases.html" server="sftp.itd.umich.edu//afs/umich.edu/user/m/r/mrschlei/" local="131291353444234207" remote="131291354210000000" Dst="1" />
<file name="shellscripts.html" server="sftp.itd.umich.edu//afs/umich.edu/user/m/r/mrschlei/" local="131291353444404224" remote="131291354210000000" Dst="1" />
<file name="strict-options.html" server="sftp.itd.umich.edu//afs/umich.edu/user/m/r/mrschlei/" local="131291353444604244" remote="131291354210000000" Dst="1" />
</dwsync>